Nombre del Tratado,Bilateral,Lugar de Adopcion,Fecha de Adopcion,Estados-Organismos,Temas,Naturaleza del Tratado,Depositario,Suscribio Por Colombia,Vigente,Fecha Ley Aprobatoria,Numero Ley Aprobatoria,Sentencia Fecha Ley,Sentencia Numero,Decreto Fecha Diario Oficial,Decreto Numero Diario Oficial,-,-
"ADDENDUM N° 2 AL CONVENIO DE FINANCIACION ENTRE LA COMUNIDAD EUROPEA Y LA REPUBLICA DE COLOMBIA ""CREACION DEL LABORATORIO COLOMBIANO DE DISEÑO PARA EL DESARROLLO DE LA ARTESANIA Y LA PEQUEÑA EMPRESA N° COL/B7-311/97/0377",SI,BOGOTA,25/11/2003,COMUNIDAD EUROPEA,(NO REGISTRA),ACUERDO PROCEDIMIENTO SIMPLIFICADO,(NO REGISTRA),CAROLINA BARCO - MINISTRO DE RELACIONES EXTERIORES,NO,(NO REGISTRA),(NO REGISTRA),25/11/2003,(NO REGISTRA),(NO REGISTRA),(NO REGISTRA),4/09/2012 17:16,17/07/2013 23:20
"CANJE DE NOTAS QUE CONSTITUYE UN ACUERDO SOBRE EL PROYECTO ""ASESORAMIENTO EN LA PLANIFICACION /REALIZACION DE PROYECTOS DE PROMOCION DE LA MUJER ENTRE EL GOBIERNO DE LA REPUBLICA DE COLOMBIA Y EL GOBIERNO DE LA REPUBLICA FEDERAL DE ALEMANIA",SI,BOGOTA,10/05/1995,ALEMANIA,(NO REGISTRA),ACUERDO PROCEDIMIENTO SIMPLIFICADO,(NO REGISTRA),RODRIGO PARDO GARCIA - MINISTRO DE RELACIONES EXTERIORES,SI,(NO REGISTRA),(NO REGISTRA),10/05/1995,(NO REGISTRA),(NO REGISTRA),(NO REGISTRA),26/01/2012 20:59,17/07/2013 23:18
"CANJE DE NOTAS QUE CONSTITUYEN UN ACUERDO ADICIONAL SOBRE EL PROYECTO ""ASESORAMIENTO INTEGRAL EN LA PRODUCCION ANIMAL ENTRE EL GOBIERNO DE LA REPUBLICA DE COLOMBIA Y EL GOBIERNO DE LA REPUBLICA FEDERAL DE ALEMANIA",SI,BOGOTA,16/11/1994,ACCION DE SISTEMAS INFORMATIVOS NACIONALES-ASIN,(NO REGISTRA),ACUERDO PROCEDIMIENTO SIMPLIFICADO,(NO REGISTRA),RODRIGO PARDO GARCIA - PEÑA MINISTRO DE RELACIONES EXTERIORES,SI,(NO REGISTRA),(NO REGISTRA),16/11/1994,(NO REGISTRA),(NO REGISTRA),(NO REGISTRA),30/01/2012 20:59,17/07/2013 23:18
"CONVENIO COMPLEMENTARIO AL ACUERDO BASICO DE COOPERACION TECNICA ENTRE EL GOBIERNO DE LA REPUBLICA DE COLOMBIA Y EL GOBIERNO DE LA REPUBLICA FEDERATIVA DEL BRASIL PARA LA IMPLEMETNACION DEL PROYECTO ""CAPACITACION TECNICA EN SISTEMAS DE PRODUCCION DE OVINOS Y CAPRINOS",SI,BRASILIA,21/08/2007,BRASIL,(NO REGISTRA),ACUERDO PROCEDIMIENTO SIMPLIFICADO,(NO REGISTRA),FERNANDO ARAUJO PERDOMO - MINISTRO DE RELACIONES EXTERIORES,SI,(NO REGISTRA),(NO REGISTRA),21/08/2007,(NO REGISTRA),(NO REGISTRA),(NO REGISTRA),13/02/2012 21:34,17/07/2013 23:19
MEMORANDO DE ENTENDIMIENTO ENTRE LA IRISH CIVIL AVIATION AUTHORITY Y LA UNIDAD ADMINISTRATIVA ESPECIAL DE AERONAUTICA CIVIL (COLOMBIA) EN LA IMPLEMENTACION DEL ARTICULO 83 DE LA CONVENCION INTERNACIONAL DE AVIACION CIVIL,SI,MONTREAL,16/01/2001,IRLANDA,(NO REGISTRA),ACUERDO PROCEDIMIENTO SIMPLIFICADO,(NO REGISTRA),RODRIGO CABRERA C.,SI,(NO REGISTRA),(NO REGISTRA),16/01/2001,(NO REGISTRA),(NO REGISTRA),(NO REGISTRA),16/03/2012 19:43,17/07/2013 23:19
"CANJE DE NOTAS QUE CONSTITUYE UN ACUERDO CON EL OBJETO DE CONCERTAR EL ALCANCE DEL PARRAFO FINAL DEL ARTICULO NOVENO  EN EL CUAL SE ESTABLECE EL ""TERMINO DE LA DISTANCIA"" PARA FORMALIZAR LAS SOLICITUDES DE EXTRADICIONES",SI,LIMA,24/02/1998,PERU,(NO REGISTRA),ACUERDO PROCEDIMIENTO SIMPLIFICADO,(NO REGISTRA),MARIA EMMA MEJIA VELEZ MINISTRA DE RELACIONES EXTERIORES,SI,(NO REGISTRA),(NO REGISTRA),24/02/1998,(NO REGISTRA),(NO REGISTRA),(NO REGISTRA),26/03/2012 17:04,17/07/2013 23:19
,,,,,,O,(NO REGISTRA),NOEMI SANIN DE RUBIO MINISTRA DE RELACIONES EXTERIORES,SI,(NO REGISTRA),(NO REGISTRA),16/02/1998,(NO REGISTRA),(NO REGISTRA),(NO REGISTRA),27/03/2012 21:55,13/12/2017 14:24
CONVENIO DE COOPERACION CULTURAL Y CIENTIFICA ENTRE EL GOBIERNO DE LA REPUBLICA DE COLOMBIA Y EL GOBIERNO DE LA REPUBLICA SOCIALISTA DE RUMANIA,SI,BOGOTA,18/10/1968,RUMANIA,(NO REGISTRA),TRATADO,(NO REGISTRA),(NO REGISTRA),SI,18/12/1974,22 DE 1974,25/07/1975,(NO REGISTRA),11/09/1985,2584 DE 1985,27/03/2012 22:02,17/07/2013 23:20
CONVENIO DE COOPERACION TECNICO MILITAR ENTRE LOS GOBIERNOS DE LA REPUBLICA DE COLOMBIA Y DE LA FEDERACION DE RUSIA,SI,BOGOTA,12/03/1996,RUSIA,(NO REGISTRA),ACUERDO PROCEDIMIENTO SIMPLIFICADO,(NO REGISTRA),ILEGIBLE,SI,(NO REGISTRA),(NO REGISTRA),12/03/1996,(NO REGISTRA),(NO REGISTRA),(NO REGISTRA),27/03/2012 22:05,17/07/2013 23:20
CONVENIO COMERCIAL Y DE PAGOS ENTRE LA REPUBLICA DE COLOMBIA Y LA REPUBLICA SOCIALISTA DE RUMANIA,SI,BOGOTA,25/09/1968,RUMANIA,(NO REGISTRA),TRATADO,(NO REGISTRA),ALFONSO LOPEZ MICHELSEN MINISTRO DE RELACIONES EXTERIORES,SI,15/12/1970,13 DE 1970,3/02/1971,(NO REGISTRA),9/09/1985,2584 DE 1985,27/03/2012 22:11,17/07/2013 23:20
CANJE DE NOTAS QUE CONSTITUYEN UN ACUERDO PARA PERMITIR EL SOBREVUELO DE LOS TERRITORIOS DE LOS DOS PAISES POR LAS EMPRESAS AEREAS SOVIETICAS Y COLOMBIANAS ENTRE EL GOBIERNO DE LA REPUBLICA DE COLOMBIA Y EL GOBIERNO DE LA FEDERACION DE RUSIA,SI,BOGOTA,3/08/1972,RUSIA,(NO REGISTRA),ACUERDO PROCEDIMIENTO SIMPLIFICADO,(NO REGISTRA),ALFREDO VASQUEZ CARRIZOSA MINISTRO DE RELACIONES EXTERIORES,SI,(NO REGISTRA),(NO REGISTRA),8/08/1972,(NO REGISTRA),(NO REGISTRA),(NO REGISTRA),27/03/2012 22:14,17/07/2013 23:20
"CANJE DE NOTAS QUE CONSTITUYE UN """"ACUERDO SOBRE EL PROGRAMA DE COOPERACION CULTURAL CIENTIFICA Y EDUCATIVA PARA LOS AÑOS 2002-2005 ENTRE EL GOBIERNO DE LA REPUBLICA DE COLOMBIA Y EL GOBIERNO DE RUMANIA",SI,BOGOTA,2/09/2002,RUMANIA,(NO REGISTRA),ACUERDO PROCEDIMIENTO SIMPLIFICADO,(NO REGISTRA),CAROLINA BARCO MINISTRA DE RELACIONES EXTERIORES,NO,(NO REGISTRA),(NO REGISTRA),2/09/2002,(NO REGISTRA),(NO REGISTRA),(NO REGISTRA),27/03/2012 22:17,17/07/2013 23:20
ACUERDO ENTRE EL GOBIERNO DE COLOMBIA Y EL GOBIERNO DE RUMANIA SOBRE COOPERACION EN EL CAMPO DEL TURISMO,SI,BOGOTA,19/09/1991,RUMANIA,(NO REGISTRA),TRATADO,(NO REGISTRA),ERNESTO SAMPER PIZANO MINISTRO PLENIPOTENCIARIO,SI,14/07/2000,595 DE 2000,8/06/2001,C-247A/2001,21/12/2001,2820 DE 2001,27/03/2012 22:17,17/07/2013 23:20
ACUERDO COMERCIAL ENTRE EL GOBIERNO DE LA REPUBLICA DE COLOMBIA Y EL GOBIERNO DE LA REPUBLICA DE RUMANIA,SI,BUCAREST,31/07/1997,RUMANIA,(NO REGISTRA),TRATADO,(NO REGISTRA),ILEGIBLE,NO,4/08/1999,520 DE 1999,17/09/2000,C-327/2000,14/03/2001,428 DE 2001,28/03/2012 14:48,17/07/2013 23:20
ACUERDO GENERAL DE AMISTAD Y COOPERACION ENTRE LA REPUBLICA DE COLOMBIA Y RUMANIA,SI,BOGOTA,5/08/1993,RUMANIA,(NO REGISTRA),TRATADO,(NO REGISTRA),CESAR GAVIRIA PRESIDENTE DE LA REPUBLICA,SI,14/06/1996,284 DE 1996,28/05/1997,C-29/1997,15/10/1999,2049 DE 1999,28/03/2012 14:54,17/07/2013 23:20
CONVENIO BASICO SOBRE DISEÑO SUMINISTRO Y MONTAJE DE EQUIPO HIDROENERGETICO PARA LAS CENTRALES HIDROELECTRICAS DEL ALTO SINU URRA I Y URRA II,SI,MOSCU,5/09/1977,RUSIA,(NO REGISTRA),TRATADO,(NO REGISTRA),DIONISIO ARAUJO VELEZ VICEMINISTRO DE MINAS,SI,(NO REGISTRA),1 DE 1978,24/02/1978,(NO REGISTRA),(NO REGISTRA),(NO REGISTRA),28/03/2012 15:00,17/07/2013 23:20
ACUERDO DE COOPERACION TECNICA CIENTIFICA Y TECNOLOGICA ENTRE EL GOBIERNO DE LA REPUBLICA DE COLOMBIA Y EL GOBIERNO DE RUMANIA,SI,BUCAREST,10/04/1994,RUMANIA,(NO REGISTRA),TRATADO,(NO REGISTRA),ILEGIBLE,SI,10/07/1997,381 DE 1997,22/05/1998,C-042/1998,15/10/1999,2057 DE 1999,28/03/2012 15:11,17/07/2013 23:20
CONVENIO ENTRE EL GOBIERNO DE LA REPUBLICA DE COLOMBIA Y EL GOBIERNO DE LA UNION DE REPUBLICAS SOCIALISTAS SOVIETICAS SOBRE COOPERACION ECONOMICO-COMERCIAL Y CIENTIFICO-TECNICA,SI,MOSCU,12/12/1975,RUSIA,(NO REGISTRA),TRATADO,(NO REGISTRA),ILEGIBLE,SI,15/01/1979,1 DE 1979,30/01/1979,(NO REGISTRA),17/04/1980,878 DE 1980,28/03/2012 15:20,17/07/2013 23:20
CONVENIO ENTRE EL GOBIERNO DE LA REPUBLICA DE COLOMBIA Y EL GOBIERNO DE LA FEDERACION DE RUSIA SOBRE COOPERACION CULTURAL Y CIENTIFICA,SI,BOGOTA,26/11/1997,RUSIA,(NO REGISTRA),TRATADO,(NO REGISTRA),MARIA EMMA MEJIA MINISTRA DE RELACIONES EXTERIORES,SI,2/02/2000,566 DE 2000,17/11/2000,C-924/2000,21/12/2001,2834 DE 2001,28/03/2012 15:23,17/07/2013 23:20
CANJE DE NOTAS QUE CONSTITUYEN ACUERDO SOBRE EL REGLAMENTO DE EMBAJADAS ENTRE LOS GOBIERNOS DE LA REPUBLICA DE COLOMBIA Y DE LA UNION DE REPUBLICAS SOCIALISTAS SOVIETICAS,SI,BOGOTA,29/11/1968,RUSIA,(NO REGISTRA),ACUERDO PROCEDIMIENTO SIMPLIFICADO,(NO REGISTRA),ALFONSO LOPEZ MICHELSEN MINISTRO DE RELACIONES EXTERIORES,SI,(NO REGISTRA),(NO REGISTRA),29/11/1968,(NO REGISTRA),(NO REGISTRA),(NO REGISTRA),28/03/2012 15:48,17/07/2013 23:20
ACUERDO DE COOPERACION ECONOMICA Y TECNICA ENTRE EL GOBIERNO DE LA REPUBLICA DE COLOMBIA Y EL GOBIERNO DE LA REPUBICA SOCIALISTA DE RUMANIA,SI,BOGOTA,26/09/1968,RUMANIA,(NO REGISTRA),TRATADO,(NO REGISTRA),ALFONSO LOPEZ MICHELSEN MINISTRO DE RELACIONES EXTERIORES,NO,(NO REGISTRA),(NO REGISTRA),(NO REGISTRA),(NO REGISTRA),(NO REGISTRA),(NO REGISTRA),28/03/2012 15:50,17/07/2013 23:20
PROGRAMA DE INTERCAMBIO CULTURAL Y CIENTIFICO ENTRE LA REPUBLICA DE COLOMBIA Y LA FEDERACION DE RUSIA PARA LOS AÑOS 2001-2004,SI,MOSCU,6/09/2001,RUSIA,(NO REGISTRA),ACUERDO PROCEDIMIENTO SIMPLIFICADO,(NO REGISTRA),(NO REGISTRA),NO,(NO REGISTRA),(NO REGISTRA),6/09/2001,(NO REGISTRA),(NO REGISTRA),(NO REGISTRA),28/03/2012 15:55,17/07/2013 23:20
CONVENIO SANITARIO VETERINARIO ENTRE EL GOBIERNO DE LA REPUBLICA DE COLOMBIA Y LA REPUBLICA SOCIALISTA DE RUMANIA,SI,BOGOTA,12/09/1973,RUMANIA,(NO REGISTRA),TRATADO,(NO REGISTRA),ALFREDO VAZQUEZ CARRIZOSA MINISTRO DE RELACIONE EXTERIORES,NO,30/11/1982,38 DE 1982,17/02/2008,(NO REGISTRA),22/03/1985,845 DE 1985,28/03/2012 16:00,17/07/2013 23:20
PROGRAMA DE INTERCAMBIOS CULTURALES Y CIENTIFICOS ENTRE LA REPUBLICA DE COLOMBIA Y LA FEDERACION DE RUSIA PARA EL PERIODO 1997 A 1999,SI,BOGOTA,26/11/1997,RUSIA,(NO REGISTRA),ACUERDO PROCEDIMIENTO SIMPLIFICADO,(NO REGISTRA),MARIA EMMA MEJIA VELEZ MINISTRA DE RELACIONES EXTERIORES,NO,(NO REGISTRA),(NO REGISTRA),26/11/1997,(NO REGISTRA),(NO REGISTRA),(NO REGISTRA),28/03/2012 16:00,17/07/2013 23:20
CANJE DE NOTAS QUE CONSTITUYEN ACUERDO SOBRE EL ESTABLECIMIENTO DE AGREGADURIAS MILITARES EN LAS EMBAJADAS DE COLOMBIA EN MOSCU Y DE RUSIA EN BOGOTA ENTRE LOS GOBIERNOS DE LA REPUBLICA DE COLOMBIA Y DE LA FEDERACION DE RUSIA,SI,MOSCU,10/03/1998,RUSIA,(NO REGISTRA),ACUERDO PROCEDIMIENTO SIMPLIFICADO,(NO REGISTRA),MARIA EMMA MEJIA VELEZ MINISTRA DE RELACIONES EXTERIORES,SI,(NO REGISTRA),(NO REGISTRA),10/03/1998,(NO REGISTRA),(NO REGISTRA),(NO REGISTRA),28/03/2012 16:04,17/07/2013 23:20
"CANJE DE NOTAS QUE CONSTITUYE UN ACUERDO SOBRE """"SUPRESION DE VISAS EN LOS PASAPORTES DIPLOMATICOS OFICIALES O DE SERVICIO"""" ENTRE EL GOBIERNO DE LA REPUBLICA DE COLOMBIA Y EL GOBIERNO DE LA REPUBLICA SOCIALISTA DE RUMANIA",SI,BOGOTA,5/08/1993,RUMANIA,(NO REGISTRA),ACUERDO PROCEDIMIENTO SIMPLIFICADO,(NO REGISTRA),NOEMI SANIN DE RUBIO MINISTRO DE RELACIONES EXTERIORES,SI,(NO REGISTRA),(NO REGISTRA),5/08/1993,(NO REGISTRA),(NO REGISTRA),(NO REGISTRA),28/03/2012 16:10,4/12/2013 13:48
PROTOCOLO SOBRE CONSULTAS ENTRE EL MINISTERIO DE RELACIONES EXTERIORES DE LA REPUBLICA DE COLOMBIA Y EL MINISTERIO DE RELACIONES EXTERIORES DE LA FEDERACION DE RUSIA,SI,BOGOTA,1/07/1993,RUSIA,(NO REGISTRA),ACUERDO PROCEDIMIENTO SIMPLIFICADO,(NO REGISTRA),ILEGIBLE,SI,(NO REGISTRA),(NO REGISTRA),1/07/1993,(NO REGISTRA),(NO REGISTRA),(NO REGISTRA),28/03/2012 16:21,17/07/2013 23:20
ACUERDO ENTRE EL GOBIERNO DE LA REPUBLICA DE COLOMBIA Y EL GOBIERNO DE LA FEDERACION DE RUSIA SOBRE LA SUPRESION DE VISAS PARA LOS PORTADORES DE PASAPORTES DIPLOMATICOS OFICIALES O DE SRVICIO,SI,BOGOTA,26/11/1997,RUSIA,(NO REGISTRA),ACUERDO PROCEDIMIENTO SIMPLIFICADO,(NO REGISTRA),MARIA EMMA MEJIA MINISTRA DE TELACIONES EXTERIORES,SI,(NO REGISTRA),(NO REGISTRA),27/03/1998,(NO REGISTRA),(NO REGISTRA),(NO REGISTRA),28/03/2012 16:27,4/12/2013 14:12
PROTOCOLO ENTRE EL GOBIERNO DE LA REPUBLICA DE COLOMBIA Y EL GOBIERNO DE LA UNION DE REPUBLICAS SOCIALISTAS SOVIETICAS SOBRE SUMINISTROS RECIPROCOS DE MERCANCIAS,SI,BOGOTA,27/04/1984,RUSIA,(NO REGISTRA),ACUERDO PROCEDIMIENTO SIMPLIFICADO,(NO REGISTRA),GUSTAVO TOBON LONDOÑO,NO,(NO REGISTRA),(NO REGISTRA),27/04/1984,(NO REGISTRA),(NO REGISTRA),(NO REGISTRA),28/03/2012 16:32,17/07/2013 23:20
"CANJE DE NOTAS QUE CONSTITUYE UN ACUERDO SOBRE LA ENMIENDA AL ARTICULO 2 DEL ""CONVENIO ENTRE EL GOBIERNO DE LA REPUBLICA DE COLOMBIA Y EL GOBIERNO DE LA FEDERACION DE RUSIA SOBRE COOPERACION EN LA LUCHA CONTRA EL TRAFICO ILICITO DE ESTUPEFACIENTES Y SUSTANCIAS PSICOTROPICAS Y DELITOS CONEXOS DEL 26 DE NOVIEMBRE DE 1997"" PARA MODIFICAR EL LISTADO DE LAS AUTORIDADES CENTRALES DESIGNADAS POR LA PARTE RUSA",SI,BOGOTA,24/06/2003,RUSIA,(NO REGISTRA),ACUERDO PROCEDIMIENTO SIMPLIFICADO,(NO REGISTRA),CAROLINA BARCO MINISTRA DE RELACIONES EXTERIORES,SI,(NO REGISTRA),(NO REGISTRA),24/06/2003,(NO REGISTRA),(NO REGISTRA),(NO REGISTRA),28/03/2012 19:51,17/07/2013 23:20
AS DROGAS,SI,CATAGENA  DE INDIAS,9/04/2011,VENEZUELA,(NO REGISTRA),ACUERDO PROCEDIMIENTO SIMPLIFICADO,(NO REGISTRA),JUAN MANUEL SANTOS PRESIDENTE DE LA REPUBLICA,SI,(NO REGISTRA),(NO REGISTRA),13/12/2011,(NO REGISTRA),(NO REGISTRA),(NO REGISTRA),30/03/2012 15:23,17/07/2013 23:20
ACUERDO ENTRE LA REPUBLICA DE COLOMBIA Y LA REPUBLICA DE VENEZUELA SOBRE NORMALIZACION Y CERTIFICACION DE CALIDAD,SI,SAN CRISTOBAL,6/08/1992,VENEZUELA,(NO REGISTRA),TRATADO,(NO REGISTRA),NOEMI SANIN DE RUBIO MINISTRA DE RELACIONES EXTERIORES,SI,(NO REGISTRA),(NO REGISTRA),27/04/1993,(NO REGISTRA),(NO REGISTRA),(NO REGISTRA),30/03/2012 15:25,17/07/2013 23:20
TRATADO DE EXTRADICION ENTRE LA REPUBLICA DE COLOMBIA Y LA REPUBLICA DE VENEZUELA,SI,CARTAGENA DE INDIAS,25/08/1985,VENEZUELA,(NO REGISTRA),TRATADO,(NO REGISTRA),ILEGIBLE,NO,(NO REGISTRA),(NO REGISTRA),(NO REGISTRA),(NO REGISTRA),(NO REGISTRA),(NO REGISTRA),30/03/2012 15:29,17/07/2013 23:20
ACUERDO COLOMBO VENEZOLANO SOBRE PRODUCCION Y COMERCIALIZACION DE LA PAPA,SI,MARACAIBO,17/08/1993,VENEZUELA,(NO REGISTRA),ACUERDO PROCEDIMIENTO SIMPLIFICADO,(NO REGISTRA),CESAR GAVIRIA TRUJILLO PRESIDENTE DE COLOMBIA,SI,(NO REGISTRA),(NO REGISTRA),17/08/1993,(NO REGISTRA),(NO REGISTRA),(NO REGISTRA),30/03/2012 15:32,17/07/2013 23:20
TRATADO ENTRE EL GOBIERNO DE LA REPUBLICA DE COLOMBIA Y EL GOBIERNO DE LA REPUBLICA DE VENEZUELA SOBRE TRASLADO DE PERSONAS CONDENADAS,SI,CARACAS,12/01/1994,VENEZUELA,(NO REGISTRA),TRATADO,(NO REGISTRA),NOEMI SANIN DE RUBIO MINISTRA DE RELACIONES EXTERIORES,SI,29/12/1995,250 DE 1995,5/10/1996,C-261/1996,(NO REGISTRA),(NO REGISTRA),30/03/2012 15:35,17/07/2013 23:20
CONVENIO PARA LA PREVENCION Y REPRESION DEL CONTRABANDO EN LOS ESTADOS UNIDOS DE VENEZUELA,SI,BOGOTA,29/11/1938,VENEZUELA,(NO REGISTRA),TRATADO,(NO REGISTRA),LUIS LOPEZ DE MESA MINISTRO DE RELACIONES EXTERIORES,SI,(NO REGISTRA),84 DE 1939,15/02/1940,(NO REGISTRA),(NO REGISTRA),(NO REGISTRA),30/03/2012 15:36,17/07/2013 23:20
"CANJE DE NOTAS QUE CONSTITUYE UN ACUERDO SOBRE EL PROYECTO """"CONVENIO PARA LA INTERPRETACION DEL ARTICULO IX DEL ACUERDO BOLIVARIANO SOBRE EXTRADICION"""" ENTRE EL GOBIERNO DE LA REPUBLICA DE COLOMBIA Y EL GOBIERNO DE LA REPUBLICA DE VENEZUELA",SI,CARACAS,6/09/1928,VENEZUELA,(NO REGISTRA),ACUERDO PROCEDIMIENTO SIMPLIFICADO,(NO REGISTRA),EDUARDO ZULETA ENVIADO EXTRAORDINARIO Y MINISTRO PLENIPOTENCIARIO,SI,(NO REGISTRA),(NO REGISTRA),6/09/1928,(NO REGISTRA),(NO REGISTRA),(NO REGISTRA),30/03/2012 15:40,17/07/2013 23:20
CANJE DE NOTAS QUE CONSTITUYEN UN ACUERDO POR EL QUE SE ENMIENDA EL CONVENIO ENTRE COLOMBIA Y VENEZUELA PARA LA PREVENCION CONTROL Y REPRESION DEL TRAFICO ILICITO DE SUSTANCIAS ESTUPEFACIENTES Y PSICOTROPICAS DEL 13 DE DICIEMBRE DE 1978 ESPECIFICAMENTE EN SU ARTICULO 6 Y EL ACTA NUMERO 1,SI,BOGOTA,24/07/1984,VENEZUELA,(NO REGISTRA),ACUERDO PROCEDIMIENTO SIMPLIFICADO,(NO REGISTRA),AUGUSTO RAMIREZ MINISTRO DE RELACIONES EXTERIORES,SI,(NO REGISTRA),(NO REGISTRA),24/07/1984,(NO REGISTRA),(NO REGISTRA),(NO REGISTRA),30/03/2012 15:46,17/07/2013 23:20
ACUERDO ENTRE EL GOBIERNO DE LA REPUBLICA DE COLOMBIA Y EL GOBIERNO DE LA REPUBLICA DE VENEZUELA PARA COMBATIR EL SECUESTRO Y OTROS DELITOS COMUNES,SI,SAN CRISTOBAL,4/10/1991,VENEZUELA,(NO REGISTRA),TRATADO,(NO REGISTRA),LUIS FERNANDO JARAMILLO CORREA MINISTRO DE RELACIONES EXTERIORES,NO,(NO REGISTRA),(NO REGISTRA),(NO REGISTRA),(NO REGISTRA),(NO REGISTRA),(NO REGISTRA),30/03/2012 15:52,17/07/2013 23:20
CANJE DE NOTAS QUE CONSTITUYE UN ACUERDO SOBRE LA ADOPCION DE UN ACUERDO APLICABLE A LOS PROCEDIMIENTOS PARA LA EJECUCION DEL TRATADO SOBRE TRASLADO DE PERSONAS CONDENADAS ENTRE EL GOBIERNO DE LA REPUBLICA DE COLOMBIA Y EL GOBIERNO DE LA REPUBLICA DE VENEZUELA,SI,CARACAS,17/04/1997,VENEZUELA,(NO REGISTRA),ACUERDO PROCEDIMIENTO SIMPLIFICADO,(NO REGISTRA),MARIA EMMA MEJIA VELEZ MINISTRA DE RELACIONES EXTERIORES,SI,(NO REGISTRA),(NO REGISTRA),17/04/1997,(NO REGISTRA),(NO REGISTRA),(NO REGISTRA),30/03/2012 15:56,17/07/2013 23:20
CONVENIO ENTRE COLOMBIA Y VENEZUELA PARA LA PREVENCION CONTROL Y REPRESION DEL TRAFICO ILICITO DE SUSTANCIAS ESTUPEFACIENTES Y PSICOTROPICAS,SI,BOGOTA,13/12/1978,VENEZUELA,(NO REGISTRA),ACUERDO PROCEDIMIENTO SIMPLIFICADO,(NO REGISTRA),DIEGO URIBE VARGAS MINISTRO DE RELACIONES EXTERIORES,NO,(NO REGISTRA),(NO REGISTRA),13/12/1978,(NO REGISTRA),(NO REGISTRA),(NO REGISTRA),30/03/2012 16:02,17/07/2013 23:20
"CANJE DE NOTAS QUE CONSTITUYE UN ACUERDO SOBRE """"EL ARCHIPIELAGO DE LOS MONJES"""" ENTRE EL GOBIERNO DE LA REPUBLICA DE COLOMBIA Y EL GOBIERNO DE VENEZUELA",SI,BOGOTA,22/11/1952,VENEZUELA,(NO REGISTRA),TRATADO,(NO REGISTRA),JUAN URIBE HOLGUIN MNISTR DE RELACIONES EXTERIORES,SI,(NO REGISTRA),(NO REGISTRA),22/11/1952,(NO REGISTRA),(NO REGISTRA),(NO REGISTRA),30/03/2012 16:09,17/07/2013 23:20
TRATADO DE NO AGRESION CONCILIACION ARBITRAJE Y ARREGLO JUDICIAL ENTRE COLOMBIA Y VENEZUELA,SI,BOGOTA,17/12/1939,VENEZUELA,(NO REGISTRA),TRATADO,(NO REGISTRA),LUIS LOPEZ DE MESA MINISTRO DE RELACIONES EXTERIORES,SI,25/08/1941,14 DE 1941,12/09/1941,(NO REGISTRA),3/10/1941,1705 DE 1941,30/03/2012 16:11,17/07/2013 23:20
CONVENIO ENTRE EL GOBIERNO DE LA REPUBLICA DE COLOMBIA Y EL GOBIERNO DE LA REPUBLICA DE VENEZUELA PARA EL CONTROL Y RECUPERACION DE VEHICULOS AUTOMOTORES,SI,CARTAGENA,25/08/1985,VENEZUELA,(NO REGISTRA),TRATADO,(NO REGISTRA),ILEGIBLE,NO,(NO REGISTRA),(NO REGISTRA),(NO REGISTRA),(NO REGISTRA),(NO REGISTRA),(NO REGISTRA),30/03/2012 16:13,17/07/2013 23:20
ACUERDO DE COOPERACION Y COORDINACION EN MATERIA DE PESCA CONTINENTAL Y ACUICULTURA ENTRE LA REPUBLICA DE COLOMBIA Y EL GOBIERNO DE VENEZUELA,SI,GUIASDUALITO,30/08/1991,VENEZUELA,(NO REGISTRA),ACUERDO PROCEDIMIENTO SIMPLIFICADO,(NO REGISTRA),MARIA DEL ROSARIO SINTES ULLOA MINISTRA DE AGRICULTURA,SI,(NO REGISTRA),(NO REGISTRA),30/08/1991,(NO REGISTRA),(NO REGISTRA),(NO REGISTRA),30/03/2012 16:23,17/07/2013 23:20
CANJE DE NOTAS QUE CONSTITUYE UN ACUERDO SOBRE RECIPROCIDAD QUE PERMITE A LOS FAMILIARES  DEPENDIENTES DEL PERSONAL DIPLOMATICO CONSULAR ADMINISTRATIVO Y TECNICO DE LAS MISIONES SIPLOMATICAS Y CONSULARES A EJERCER ACTIVIDADES REMUNERADAS ENTRE EL GOBIERNO DE COLOMBIA Y EL GOBIERNO DE VENEZUELA,SI,CARACAS,15/08/1997,VENEZUELA,(NO REGISTRA),ACUERDO PROCEDIMIENTO SIMPLIFICADO,(NO REGISTRA),MARIA EMMA MEJIA VELEZ MINISTRA DE RELACIONES EXTERIORES,SI,(NO REGISTRA),(NO REGISTRA),17/08/1997,(NO REGISTRA),(NO REGISTRA),(NO REGISTRA),30/03/2012 17:11,17/07/2013 23:20
CONVENIO ENTRE LOS GOBIERNOS DE LAS REPUBLICAS DE COLOMBIA Y DE VENEZUELA CON LA FINALIDAD DE REACTIVAR EQUILIBRAR Y DINAMIZAR LAS CORRIENTES COMERCIALES EN EL MARCO DEL PROCESO SUBREGIONAL ANDINO Y EN FORMA COMPATIBLE CON LAS DIFERENTES POLITICAS ECONOMICAS DE LOS DOS PAISES,SI,PUENTE INTERNACIONAL JOSE ANTONIO PAEZ,14/06/1985,VENEZUELA,(NO REGISTRA),ACUERDO PROCEDIMIENTO SIMPLIFICADO,(NO REGISTRA),AGUSTO RAMIREZ MINISTRO DE RELACIONES EXTERIORES,NO,(NO REGISTRA),(NO REGISTRA),14/06/1985,(NO REGISTRA),(NO REGISTRA),(NO REGISTRA),30/03/2012 17:11,17/07/2013 23:20
CONVENIO SOBRE TURISMO ENTRE LA REPUBLICA DE COLOMBIA Y LA REPUBLICA SOCIALISTA FEDERATIVA DE YUGOSLAVIA,SI,BELGRADO,31/06/1979,YUGOSLAVIA,(NO REGISTRA),TRATADO,(NO REGISTRA),DIEGO URIBE VARGAS MINISTRO DE RELACIONES EXTERIORES,SI,7/12/1979,47 DE 1979,25/06/1980,(NO REGISTRA),9/09/1985,2854 DE 1985,30/03/2012 17:15,17/07/2013 23:20
CANJE DE NOTAS QUE CONSTITUYEN UN ACUERDO PARA LA SUPRESION DE VISAS EN LOS PASAPORTES DIPLOMATICOS ENTRE EL GOBIERNO DE LA REPUBLICA DE COLOMBIA Y EL GOBIERNO DE LA REPUBLICA DE VENEZUELA,SI,BOGOTA,1/03/1978,VENEZUELA,(NO REGISTRA),ACUERDO PROCEDIMIENTO SIMPLIFICADO,(NO REGISTRA),INDALECIO LIEVANO AGUIRRE MINISTRO DE RELACIONES EXTERIORES,SI,(NO REGISTRA),(NO REGISTRA),1/03/1978,(NO REGISTRA),(NO REGISTRA),(NO REGISTRA),30/03/2012 19:44,4/12/2013 14:14
CONVENIO COMERCIAL ENTRE EL GOBIERNO DE LA REPUBLICA DE COLOMBIA Y EL CONSEJO EJECUTIVO FEDERAL DE LA ASAMBLEA DE LA REPUBLICA SOCIALISTA FEDERATIVA DE YUGOSLAVIA,SI,BELGRADO,24/04/1987,YUGOSLAVIA,(NO REGISTRA),TRATADO,(NO REGISTRA),MIGUEL MERINO GORDILLO MINISTRO DE DESARROLLO ECONOMICO,SI,1/09/1988,35 DE 1988,7/12/1988,(NO REGISTRA),26/01/1989,187 DE 1989,30/03/2012 19:52,17/07/2013 23:20
ACUERDO PARA EL DESARROLLO INTEGRAL Y ASISTENCIA BASICA DE LAS POBLACIONES INDIGENAS WAYUU DE LA REPUBLICA DE COLOMBIA Y DE LA REPUBLICA DE VENEZUELA,SI,CARACAS,3/05/1990,VENEZUELA,(NO REGISTRA),TRATADO,(NO REGISTRA),FRANCISCO JAVIER DZA PRESIDENTE JUNTA DIRECTIVA CORPORACION AUTONOMAREGIONAL DE LA GUAJIRA,NO,16/07/2008,1214 DE 2008,(NO REGISTRA),C-615/2009,(NO REGISTRA),(NO REGISTRA),30/03/2012 20:05,17/07/2013 23:20
CONVENIO DE COOPERACION TECNICA ENTRE EL GOBIERNO DE LA REPUBLICA DE COLOMBIA Y EL GOBIERNO DE LA REPUBLICA SOCIALISTA FEDERAL DE YUGOSLAVIA,SI,BOGOTA,17/01/1974,YUGOSLAVIA,(NO REGISTRA),ACUERDO PROCEDIMIENTO SIMPLIFICADO,(NO REGISTRA),(NO REGISTRA),SI,(NO REGISTRA),(NO REGISTRA),20/11/1974,(NO REGISTRA),(NO REGISTRA),(NO REGISTRA),30/03/2012 20:05,17/07/2013 23:20
CANJE DE NOTAS QUE CONSTITUYE UN ACUERDO SOBRE LA PREVENCION CONTROL Y LUCHA SISTEMATICA Y ORGANIZADA CONTRA LA FIEBRE AFTOSA Y LA BRUCELOSIS EN LA ZONA LIMITROFE ENTRE LOS GOBIERNOS DE LA REPUBLICA DE COLOMBIA Y LA REPUBLICA DE VENEZUELA,SI,CARACAS,25/02/1972,VENEZUELA,(NO REGISTRA),ACUERDO PROCEDIMIENTO SIMPLIFICADO,(NO REGISTRA),ALFREDO VAZQUEZ MINISTRO DE RELACIONES EXTERIORES,SI,(NO REGISTRA),(NO REGISTRA),25/02/1972,(NO REGISTRA),(NO REGISTRA),(NO REGISTRA),30/03/2012 20:15,17/07/2013 23:20
ACUERDO DE COOPERACION Y COORDINACION FITOSANITARIA ENTRE LA REPUBLICA DE COLOMBIA Y LA REPUBLICA DE VENEZUELA,SI,CARACAS,15/03/1991,VENEZUELA,(NO REGISTRA),TRATADO,(NO REGISTRA),MARIO DEL ROSARIO SINTES MINISTRO DE AGRICULTURA,NO,(NO REGISTRA),(NO REGISTRA),(NO REGISTRA),(NO REGISTRA),(NO REGISTRA),(NO REGISTRA),30/03/2012 20:24,17/07/2013 23:20
ACUERDO ENTRE LA REPUBLICA DE COLOMBIA Y LA REPUBLICA DE VENEZUELA PARA LA DETECCION RECUPERACION Y DEVOLUCION DE VEHICULOS DE TRANSPORTE TERRESTRE AEREO Y ACUATICO,SI,CARACAS,17/03/1993,VENEZUELA,(NO REGISTRA),TRATADO,(NO REGISTRA),NOEMI SANIN DE RUBIO MINISTRA DE RELACIONES EXTERIORES,SI,9/08/1995,207 DE 1995,17/10/1996,C-152 DE 1996,30/01/1997,209 DE 1997,30/03/2012 20:30,17/07/2013 23:20
PROTOCOLO DE COOPERACION CIENTIFICO TECNOLOGICA ENTRE LOS GOBIERNOS DE LA REPUBLICA DE COLOMBIA Y LA REPUBLICA SOCIALISTA FEDERATIVA DE YUGOSLAVIA EN EL SECTOR DEL COBRE Y OTROS METALES NO FERROSOS,SI,BOGOTA,7/11/1980,YUGOSLAVIA,(NO REGISTRA),ACUERDO PROCEDIMIENTO SIMPLIFICADO,(NO REGISTRA),DIEGO URIBE VARGAS MINISTRO DE RELACIONES EXTERIORES,SI,(NO REGISTRA),(NO REGISTRA),7/11/1980,(NO REGISTRA),(NO REGISTRA),(NO REGISTRA),30/03/2012 20:35,17/07/2013 23:20
ACUERDO SOBRE COOPERACION SANITARIA FRONTERIZA ENTRE LA REPUBLICA DE VENEZUELA Y LA REPUBLICA DE COLOMBIA,SI,CARACAS,28/03/1966,VENEZUELA,(NO REGISTRA),ACUERDO PROCEDIMIENTO SIMPLIFICADO,(NO REGISTRA),FRANCISCO CHAUX EMBAJADOR DE COLOMBIA EN VENEZUELA,SI,(NO REGISTRA),(NO REGISTRA),28/03/1966,(NO REGISTRA),(NO REGISTRA),(NO REGISTRA),30/03/2012 20:35,17/07/2013 23:20
PROTOCOLO DE COOPERACION CIENTIFICO TECNICA ENTRE LOS GOBIERNOS DE LA REPUBLICA DE COLOMBIA Y LA REPUBLICA SOCIALISTA FEDERATIVA DE YUGOSLAVIA EN EL SECTOR AGROPECUARIO,SI,BOGOTA,7/11/1980,YUGOSLAVIA,(NO REGISTRA),ACUERDO PROCEDIMIENTO SIMPLIFICADO,(NO REGISTRA),DIEGO URIBE VARGAS MINISTRO DE RELACIONES EXTERIORES,SI,(NO REGISTRA),(NO REGISTRA),7/11/1980,(NO REGISTRA),(NO REGISTRA),(NO REGISTRA),30/03/2012 20:50,17/07/2013 23:20
ACUERDO DE COOPERACION Y ASISTENCIA JUDICIAL EN MATERIA PENAL ENTRE EL GOBIERNO DE LA REPUBLICA DE COLOMBIA Y EL GOBIERNO DE LA REPUBLICA DE VENEZUELA,SI,CARACAS,20/02/1998,VENEZUELA,(NO REGISTRA),TRATADO,(NO REGISTRA),MARIA EMMA MEJIA MINISTRA DE RELACIONES EXTERIORES,SI,2/02/2000,567 DE 2000,1/02/2001,C-1259/2000,11/05/2001,881 DE 2001,30/03/2012 21:05,17/07/2013 23:20
ACUERDO ENTRE LA REPUBLICA DE COLOMBIA Y LA REPUBLICA DE VENEZUELA COMPLEMENTARIO AL CONVENIO BASICO DE COOPERACION TECNICA Y CIENTIFICA ENTRE LA REPUBLICA DE COLOMBIA Y LA REPUBLICA DE VENEZUELA SUSCRITO EL 4 DE ABRIL 1989 PARA EL FORTALECIMIENTO DE LAS ACCIONES DE SALUD EN LAS AREAS FRONTERIZAS,SI,BOGOTA,26/08/2004,VENEZUELA,(NO REGISTRA),ACUERDO PROCEDIMIENTO SIMPLIFICADO,(NO REGISTRA),CAROLINA BARCO MINISTRA DE RELACIONES EXTERIORES,SI,(NO REGISTRA),(NO REGISTRA),27/10/2006,(NO REGISTRA),(NO REGISTRA),(NO REGISTRA),30/03/2012 21:39,17/07/2013 23:20
CONVENIO SOBRE COLABORACION CULTURAL Y CIENTIFICA ENTRE LA REPUBLICA DE COLOMBIA Y LA REPUBLICA SOCIALISTA DE YUGOSLAVIA,SI,BELGRADO,23/07/1976,YUGOSLAVIA,(NO REGISTRA),TRATADO,(NO REGISTRA),BENJAMIN JARAMILLO,NO,6/11/1980,31 DE 1980,11/11/1976,(NO REGISTRA),9/09/1985,2584 DE 1985,30/03/2012 21:47,17/07/2013 23:20
ACUERDO DE COOPERACION POLICIAL ENTRE LA REPUBLICA DE COLOMBIA Y LA REPUBLICA DE VENEZUELA,SI,BOGOTA,28/04/1998,VENEZUELA,(NO REGISTRA),TRATADO,(NO REGISTRA),CAMILO REYES RODRIGUEZ MINISTRO DE RELACIONES EXTERIORES,SI,2/02/2000,562 DE 2000,23/10/2000,C-1182/2000,11/05/2001,876 DE 2001,30/03/2012 21:53,17/07/2013 23:20
ACUERDO DE COOPERACION ENTRE EL GOBIERNO DE LA REPUBLICA DE COLOMBIA Y EL GOBIERNO DE LA REPUBLICA DE VENEZUELA PARA EL CONTROL Y FISCALIZACION DE PRECURSORES Y SUSTANCIAS QUIMICAS ESENCIALES UTILIZADAS EN EL PROCESAMIENTO ILICITO DE ESTUPEFACIENTES Y SUSTANCIAS PSICOTROPICAS,SI,BOGOTA,28/04/1998,VENEZUELA,(NO REGISTRA),ACUERDO PROCEDIMIENTO SIMPLIFICADO,(NO REGISTRA),CAMILO REYES RODRIGUEZ MINISTRO DE RELACIONES EXTERIORES,NO,(NO REGISTRA),(NO REGISTRA),28/05/1998,(NO REGISTRA),(NO REGISTRA),(NO REGISTRA),30/03/2012 21:56,17/07/2013 23:20
CANJE DE NOTAS QUE CONSTITUYE UN ACUERDO SOBRE LA DEMARCACION DE FRONTERAS ENTRE EL GOBIERNO DE LA REPUBLICA DE COLOMBIA Y EL GOBIERNO DE VENEZUELA,SI,CARACAS,31/03/1932,VENEZUELA,(NO REGISTRA),ACUERDO PROCEDIMIENTO SIMPLIFICADO,(NO REGISTRA),MANUEL GUILLERMO CABRERA ENVIADO EXTRAORDINARIO Y MINISTRO PLENIPOTENCIARIO,SI,(NO REGISTRA),(NO REGISTRA),31/03/1932,(NO REGISTRA),(NO REGISTRA),(NO REGISTRA),2/04/2012 13:44,17/07/2013 23:20
TRATADO SOBRE DEMARCACION DE FRONTERAS Y NAVEGACION DE LOS RIOS COMUNES CON VENEZUELA,SI,TEMPLO DEL ROSARIO DE CUCUTA,5/04/1941,VENEZUELA,(NO REGISTRA),TRATADO,(NO REGISTRA),LUIS LOPEZ DE MESA MINISTRO DE RELACIONES EXTERIORES Y ALBERTO PUMAREJO EMBAJADOR EN CARACAS,SI,21/08/1941,8 DE 1941,12/09/1941,(NO REGISTRA),3/10/1941,1697 DE 1941,2/04/2012 13:56,17/07/2013 23:20
ACUERDO DE ALCANCE PARCIAL DE NATURALEZA COMERCIAL ENTRE LA REPUBLICA DE COLOMBIA Y LA REPUBLICA BOLIVARIANA DE VENEZUELA Y SUS ANEXOS,SI,CARACAS,28/11/2011,VENEZUELA,(NO REGISTRA),TRATADO,(NO REGISTRA),JUAN MANUEL SANTOS PRESIDENTE DE COLOMBIA,SI,3/07/2014,1722,(NO REGISTRA),C-210,(NO REGISTRA),(NO REGISTRA),2/04/2012 14:57,9/06/2017 21:00
ACUERDO DE ALCANCE PARCIAL CELEBRADO ENTRE EL GOBIERNO DE LA REPUBLICA DE COLOMBIA Y EL GOBIERNO DE LA REPUBLICA ORIENTAL DEL URUGUAY,SI,MONTEVIDEO,19/12/1980,URUGUAY,(NO REGISTRA),ACUERDO PROCEDIMIENTO SIMPLIFICADO,(NO REGISTRA),LUIS CARLOS VILLEGAS SUBSECRETARIO DE ASUNTOS ECONOMICOS,NO,(NO REGISTRA),(NO REGISTRA),1/01/1981,(NO REGISTRA),(NO REGISTRA),(NO REGISTRA),2/04/2012 16:29,17/07/2013 23:20
MEMORANDUM DE ENTENDIMIENTO ENTRE EL GOBIERNO DE LA REPUBLICA DE COLOMBIA Y LA REPUBLICA BOLIVARIANA DE VENEZUELA PARA DISTINTAS AREAS DE COOPERACION TECNICA Y CIENTIFICA,SI,CARTAGENA,9/04/2011,VENEZUELA,(NO REGISTRA),ACUERDO PROCEDIMIENTO SIMPLIFICADO,(NO REGISTRA),MARIA ANGELA HOLGUIN MINISTRA DE RELACIONES EXTERIORES,SI,(NO REGISTRA),(NO REGISTRA),3/11/2011,(NO REGISTRA),(NO REGISTRA),(NO REGISTRA),2/04/2012 16:51,17/07/2013 23:20
CANJE DE NOTAS QUE CONSTITUYE UN ACUERDO ENTRE LOS GOBIERNOS DE COLOMBIA Y ESTADOS UNIDOS SOBRE LA TRANSMISION DE RADIOCOMUNICACIONES INTERNACIONALES ENTRE ESTACIONES DE AFICIONADOS POR CUENTA DE TERCEROS,SI,BOGOTA,29/11/1963,ESTADOS UNIDOS DE AMERICA,(NO REGISTRA),ACUERDO PROCEDIMIENTO SIMPLIFICADO,(NO REGISTRA),FERNANDO GOMEZ MINISTRO DE RELACIONES EXTERIORES,SI,(NO REGISTRA),(NO REGISTRA),29/12/1963,(NO REGISTRA),(NO REGISTRA),(NO REGISTRA),2/04/2012 16:53,17/07/2013 23:20
CANJE DE NOTAS QUE CONSTITUYE UN ACUERDO ENTRE LOS GOBIERNOS DE COLOMBIA Y ESTADOS UNIDOS PARA CONCEDER RECIPROCAS AUTORIZACIONES QUE PERMITAN A OPERARIOS AFICIONADOS CON LICENCIAS DE LOS DOS PAISES OPERAR SUS ESTACIONES EN EL OTRO PAIS,SI,BOGOTA,28/10/1965,ESTADOS UNIDOS DE AMERICA,(NO REGISTRA),ACUERDO PROCEDIMIENTO SIMPLIFICADO,(NO REGISTRA),CARLOS JARAMILLO MINISTRO DE RELACIONES EXTERIORES,SI,(NO REGISTRA),(NO REGISTRA),27/11/1965,(NO REGISTRA),(NO REGISTRA),(NO REGISTRA),2/04/2012 17:10,17/07/2013 23:20
ACUERDO SOBRE LA PROFUNDIZACION DEL DISEÑO ESTRATEGICO DEL PROCESO DE LA INTEGRACION ANDINA ENTRE LA REPUBLICA DE COLOMBIA Y LA REPUBLICA DE VENEZUELA,SI,CARACAS,15/03/1991,VENEZUELA,(NO REGISTRA),ACUERDO PROCEDIMIENTO SIMPLIFICADO,(NO REGISTRA),CESAR GAVIRIA TRUJILLO PRESIDENTE DE LA REPUBRILCA,SI,(NO REGISTRA),(NO REGISTRA),15/03/1991,(NO REGISTRA),(NO REGISTRA),(NO REGISTRA),2/04/2012 17:14,17/07/2013 23:20
CONVENIO COMERCIAL ENTRE EL GOBIERNO DE LA REPUBLICA DE COLOMBIA Y EL GOBIERNO DE LOS ESTADOS DE AMERICA,SI,WASHINGTON,13/09/1935,ESTADOS UNIDOS DE AMERICA,(NO REGISTRA),TRATADO,(NO REGISTRA),MIGUEL LOPEZ PUMAREJO - ENVIADO EXTRAORDINARIO Y MINISTRO PLENIPOTENCIARIO,SI,14/04/1936,74 DE 1936,20/05/1936,(NO REGISTRA),(NO REGISTRA),1108 DE 1936,2/04/2012 17:24,17/07/2013 23:20
MEMORANDO DE ENTENDIMIENTO ENTRE EL GOBIERNO DE LA REPUBLICA DE COLOMBIA Y EL GOBIERNO DE LOS ESTADOS UNIDOS DE AMERICA SOBRE COOPERACION EN MATERIA DE INVESTIGACIONES Y PROCESOS QUE INVOLUCREN O ESTEN RELACIONADOS CON LA INCAUTACION Y DECOMISO DE BIENES Y UTILIDADES PROVENIENTES DEL TRAFICO ILICITO DE DROGAS NARCOTICAS O SUSTANCIAS PSICOTROPICAS O CUALQUIERA ACTIVIDAD DELICTIVA CONEXA CON ESTE,SI,BOGOTA,24/07/1990,ESTADOS UNIDOS DE AMERICA,(NO REGISTRA),ACUERDO PROCEDIMIENTO SIMPLIFICADO,(NO REGISTRA),ILEGIBLE,SI,(NO REGISTRA),(NO REGISTRA),24/07/1990,(NO REGISTRA),(NO REGISTRA),(NO REGISTRA),2/04/2012 20:31,17/07/2013 23:20
ACUERDO DE COOPERACION MUTUA ENTRE EL GOBIERNO DE LA REPUBLICA DE COLOMBIA Y EL GOBIERNO DE LOS ESTADOS UNIDOS DE AMERICA PARA COMBATIR PREVENIR Y CONTROLAR EL LAVADO DE DINERO PROVENIENTE DE ACTIVIDADES ILICITAS,SI,SAN ANTONIO,27/02/1992,ESTADOS UNIDOS DE AMERICA,(NO REGISTRA),ACUERDO PROCEDIMIENTO SIMPLIFICADO,(NO REGISTRA),ILEGIBLE,SI,(NO REGISTRA),(NO REGISTRA),27/02/1992,(NO REGISTRA),(NO REGISTRA),(NO REGISTRA),2/04/2012 20:38,17/07/2013 23:20
ACUERDO TEXTIL BILATERAL ENTRE ESTADOS UNIDOS DE AMERICA Y LA REPUBLICA DE COLOMBIA,SI,WASHINGTON,3/04/1992,ESTADOS UNIDOS DE AMERICA,(NO REGISTRA),ACUERDO PROCEDIMIENTO SIMPLIFICADO,(NO REGISTRA),ILEGIBLE,NO,(NO REGISTRA),(NO REGISTRA),3/04/1992,(NO REGISTRA),(NO REGISTRA),(NO REGISTRA),2/04/2012 20:41,17/07/2013 23:20
CANJE DE NOTAS QUE CONSTITUYE UN ACUERDO SOBRE PROGRAMA DE COOPERACION METEREOLOGICA PARA EL REESTABLECIMIENTO Y DISPOSICION DE LA OPERACION DE LA ESTACIONES DE RADIO SONDA DE OBSERVACION SITUADOS EN BOGOTA Y LA ISLA DE SAN ANDRES,SI,BOGOTA,8/09/1981,ESTADOS UNIDOS DE AMERICA,(NO REGISTRA),ACUERDO PROCEDIMIENTO SIMPLIFICADO,(NO REGISTRA),(NO REGISTRA),SI,(NO REGISTRA),(NO REGISTRA),8/09/1981,(NO REGISTRA),(NO REGISTRA),(NO REGISTRA),2/04/2012 20:49,17/07/2013 23:20
CANJE DE NOTAS QUE CONSTITUYE UN ACUERDO POR EL CUAL SE REFORMA AL ACUERDO DE EXCEDENTES AGRICOLAS FIRMADO EL 24 DE ABRIL DE 1973 Y MODIFICADO EL 11 DE MAYO DE 1973 ENTRE EL GOBIERNO DE LA REPUBLICA DE COLOMBIA Y EL GOBIERNO DE LOS ESTADOS UNIDOS DE AMERICA,SI,BOGOTA,11/12/1973,ESTADOS UNIDOS DE AMERICA,(NO REGISTRA),ACUERDO PROCEDIMIENTO SIMPLIFICADO,(NO REGISTRA),ALFREDO VASQUEZ - MINISTRO DE RELACIONES EXTERIORES,SI,(NO REGISTRA),(NO REGISTRA),11/12/1973,(NO REGISTRA),(NO REGISTRA),(NO REGISTRA),2/04/2012 20:56,17/07/2013 23:20
CONVENIO ENTRE EL GOBIERNO DE COLOMBIA Y DE LOS ESTADOS UNIDOS DE AMERICA PARA FINANCIAR CIERTOS PROGRAMAS DE INTERCAMBIO EDUCATIVO,SI,BOGOTA,9/01/1957,ESTADOS UNIDOS DE AMERICA,(NO REGISTRA),TRATADO,(NO REGISTRA),JOSE MANUEL RIVAS SACCONI MINISTRO DE RELACIONES EXTERIORES,NO,31/12/1958,86 DE 1958,31/12/1958,(NO REGISTRA),9/09/1985,2584 DE 1985,2/04/2012 21:00,23/02/2018 20:05
ACUERDO ENTRE EL GOBIERNO DE LA REPUBLICA DE COLOMBIA Y EL GOBIERNO DE LOS ESTADOS UNIDOS DE AMERICA RELATIVO AL ESTABLECIMIENTO DE LA CUENTA Y DEL CONSEJO ADMINISTRATIVO DE LA INICIATIVA PARA LAS AMERICAS,SI,BOGOTA,18/06/1993,ESTADOS UNIDOS DE AMERICA,(NO REGISTRA),ACUERDO PROCEDIMIENTO SIMPLIFICADO,(NO REGISTRA),RUDOLF HOMMES MINISTRO DE HACIENDA,SI,(NO REGISTRA),(NO REGISTRA),18/06/1993,(NO REGISTRA),(NO REGISTRA),(NO REGISTRA),2/04/2012 21:02,17/07/2013 23:20
CANJE DE NOTAS QUE CONSTITUYEN UN ACUERDO ENTRE COLOMBIA Y LOS ESTADOS UNIDOS DE AMERICA SOBRE ENMIENDAS AL CONVENIO PARA FINANCIAR CIERTOS PROGRAMAS DE INTERCAMBIO EDUCATIVO SUSCRITO EN BOGOTA EL 9 DE ENERO DE 1957,SI,BOGOTA,27/12/1960,ESTADOS UNIDOS DE AMERICA,(NO REGISTRA),ACUERDO PROCEDIMIENTO SIMPLIFICADO,(NO REGISTRA),JULIO CESAR TURBAY AYALA MINISTRO DE RELACIONES EXTERIORES,NO,(NO REGISTRA),(NO REGISTRA),27/12/1960,(NO REGISTRA),(NO REGISTRA),(NO REGISTRA),2/04/2012 21:18,17/07/2013 23:20
CONVENIO GENERAL DE AYUDA ECONOMICA TECNICA Y AFIN ENTRE EL GOBIERNO DE COLOMBIA Y EL GOBIERNO DE ESTADOS UNIDOS DE AMERICA,SI,BOGOTA,23/07/1962,ESTADOS UNIDOS DE AMERICA,(NO REGISTRA),ACUERDO PROCEDIMIENTO SIMPLIFICADO,(NO REGISTRA),JOSE JOAQUIN CAICEDO - MINISTRO DE RELACIONES EXTERIORES,SI,(NO REGISTRA),(NO REGISTRA),23/07/1962,(NO REGISTRA),(NO REGISTRA),(NO REGISTRA),2/04/2012 21:28,17/07/2013 23:20
"CANJE DE NOTAS QUE CONSTITUYEN UN ACUERDO ENTRE COLOMBIA Y LOS ESTADOS UNIDOS DE AMERICA SOBRE """"ENMIENDAS AL CONVENIO PARA FINANCIAR CIERTOS PROGRAMAS DE INTERCAMBIO EDUCATIVO SUSCRITO EN BOGOTA EL 9 DE ENERO DE 1957",SI,BOGOTA,8/04/1963,ESTADOS UNIDOS DE AMERICA,(NO REGISTRA),ACUERDO PROCEDIMIENTO SIMPLIFICADO,(NO REGISTRA),JOSE ANTONIO MONTALVO MINISTRO DE RELACIONES EXTERIORES,NO,(NO REGISTRA),(NO REGISTRA),8/04/1963,(NO REGISTRA),(NO REGISTRA),(NO REGISTRA),2/04/2012 21:30,23/02/2018 20:03
CONVENIO BASICO ENTRE EL GOBIERNO DE COLOMBIA Y EL CUERPO DE PAZ DE LOS ESTADOS UNIDOS DE AMERICA PARA EL PROGRAMA DEL CUERPO DE PAZ EN COLOMBIA,SI,BOGOTA,2/04/1963,ESTADOS UNIDOS DE AMERICA,(NO REGISTRA),TRATADO,(NO REGISTRA),(NO REGISTRA),SI,(NO REGISTRA),(NO REGISTRA),12/07/1963,(NO REGISTRA),(NO REGISTRA),(NO REGISTRA),2/04/2012 21:55,17/07/2013 23:20
CANJE DE NOTAS QUE CONSTITUYEN UN ACUERDO SOBRE LA ENMIENDA PROPUESTA AL CONVENIO DEL 9 DE ENERO DE 1957 PARA FINANCIAR CIERTOS PROGRAMAS DE INTERCAMBIO EDUCATIVO ENTRE LA REPUBLICA DE COLOMBIA Y LOS ESTADOS UNIDOS,SI,BOGOTA,8/03/1971,ESTADOS UNIDOS DE AMERICA,(NO REGISTRA),ACUERDO PROCEDIMIENTO SIMPLIFICADO,(NO REGISTRA),(NO REGISTRA),SI,(NO REGISTRA),(NO REGISTRA),11/03/1971,(NO REGISTRA),(NO REGISTRA),(NO REGISTRA),2/04/2012 22:02,23/02/2018 20:04
CANJE DE NOTAS QUE CONSTITUYE UN ACUERDO ENTRE EL GOBIERNO DE COLOMBIA Y EL GOBIERNO DE ESTADOS UNIDOS PARA EL DESARROLLO DE PROGRAMAS SOBRE VENTAS DE PRODUCTOS AGRICOLAS,SI,BOGOTA,6/10/1959,ESTADOS UNIDOS DE AMERICA,(NO REGISTRA),ACUERDO PROCEDIMIENTO SIMPLIFICADO,(NO REGISTRA),JULIO CESAR TURBAY PRESIDENTE DE LA REPUBLICA,NO,(NO REGISTRA),(NO REGISTRA),6/10/1959,(NO REGISTRA),(NO REGISTRA),(NO REGISTRA),3/04/2012 15:41,17/07/2013 23:20
CANJE DE NOTAS QUE CONSTITUYE UN ACUERDO ENTRE EL GOBIERNO DE LA REPUBLICA DE COLOMBIA Y EL GOBIERNO DE LOS ESTADOS UNIDOS DE AMERICA PARA QUE SE ENMIENDE EL ARTICULO II PARAGRAFO I DEL ACUERDO DE PRODUCTOS AGRICOLAS,SI,BOGOTA,14/02/1962,ESTADOS UNIDOS DE AMERICA,(NO REGISTRA),ACUERDO PROCEDIMIENTO SIMPLIFICADO,(NO REGISTRA),JOSE JOAQUIN CAICEDO - MINISTRO DE RELACIONES EXTERIORES,SI,(NO REGISTRA),(NO REGISTRA),14/02/1962,(NO REGISTRA),(NO REGISTRA),(NO REGISTRA),3/04/2012 15:49,17/07/2013 23:20
"CANJE DE NOTAS QUE CONSTITUYE UN ACUERDO SOBRE """"ASISTENCIA MILITAR"""" ENTRE EL GOBIERNO DE LA REPUBLICA DE COLOMBIA Y EL GOBIERNO DE LA REPUBLICA DE LOS ESTADOS UNIDOS DE AMERICA",SI,BOGOTA,17/04/1952,ESTADOS UNIDOS DE AMERICA,(NO REGISTRA),ACUERDO PROCEDIMIENTO SIMPLIFICADO,(NO REGISTRA),GONZALO RESTREPO JARAMILLO - MINISTRO DE RELACIONES EXTERIORES,SI,(NO REGISTRA),(NO REGISTRA),17/04/1952,(NO REGISTRA),(NO REGISTRA),(NO REGISTRA),3/04/2012 16:06,17/07/2013 23:20
CANJE DE NOTAS QUE CONSTITUYE UN ACUERDO ENTRE EL GOBIERNO DE COLOMBIA Y EL GOBIERNO DE LOS ESTADOS UNIDOS DE AMERICA SOBRE ENMIENDAS AL ACUERDO DE PRODUCTOS AGRICOLAS,SI,BOGOTA,1/09/1972,ESTADOS UNIDOS DE AMERICA,(NO REGISTRA),ACUERDO PROCEDIMIENTO SIMPLIFICADO,(NO REGISTRA),ALFREDO VASQUEZ - MINISTRO DE RELACIONES EXTERIORES,SI,(NO REGISTRA),(NO REGISTRA),1/09/1972,(NO REGISTRA),(NO REGISTRA),(NO REGISTRA),3/04/2012 16:07,17/07/2013 23:20
"CANJE DE NOTAS QUE CONSTITUYE UN ACUERDO SOBRE EL PROYECTO """"ESTIMULO A LAS INVERSIONES (OPIC)"""" ENTRE EL GOBIERNO DE LA REPUBLICA DE COLOMBIA Y EL GOBIERNO DE LOS ESTADOS UNIDOS DE AMERICA",SI,WASHINGTON,3/04/1985,ESTADOS UNIDOS DE AMERICA,(NO REGISTRA),ACUERDO PROCEDIMIENTO SIMPLIFICADO,(NO REGISTRA),RODRIGO LLOREDA CAICEDO EMBAJADOR EXTRAORDINARIO Y PLENIPOTENCIARIO,SI,(NO REGISTRA),(NO REGISTRA),3/04/1985,(NO REGISTRA),(NO REGISTRA),(NO REGISTRA),3/04/2012 16:15,17/07/2013 23:20
CANJE DE NOTAS QUE CONSTITUYE UN ACUERDO ENTRE EL GOBIERNO DE LA REPUBLICA DE COLOMBIA Y EL GOBIERNO DE LOS ESTADOS UNIDOS SOBRE EL MUTUO PERMISO PARA VOLAR AERONAVES COMERCIALES,SI,WASHINGTON,23/02/1929,ESTADOS UNIDOS DE AMERICA,(NO REGISTRA),ACUERDO PROCEDIMIENTO SIMPLIFICADO,(NO REGISTRA),ENRIQUE OLAYA HERRERA MINISTRO DE RELACIONES EXTERIORES,NO,(NO REGISTRA),(NO REGISTRA),23/02/1929,(NO REGISTRA),(NO REGISTRA),(NO REGISTRA),9/04/2012 16:00,17/07/2013 23:20
,,,,A,(NO REGISTRA),ACUERDO PROCEDIMIENTO SIMPLIFICADO,(NO REGISTRA),JAIME BERMUDEZ MERISALDE - MINISTRO DE RELACIONES EXTERIORES,SI,(NO REGISTRA),(NO REGISTRA),20/10/2008,(NO REGISTRA),(NO REGISTRA),(NO REGISTRA),19/04/2012 15:13,17/07/2013 23:20
CONVENIO DE DONACION DEL OBJETIVO ESTRATEGICO NO.514-007 PARA GOBERNABILIDAD DEMOCRATICA FORTALECIDA ENMIENDA NO.15 ENTRE EL GOBIERNO DE LA REPUBLICA DE COLOMBIA Y EL GOBIERNO DE LOS ESTADOS UNIDOS DE AMERICA,SI,BOGOTA,18/09/2009,ESTADOS UNIDOS DE AMERICA,(NO REGISTRA),ACUERDO PROCEDIMIENTO SIMPLIFICADO,(NO REGISTRA),JAIME BERMUDEZ MERISALDE MINISTRO DE RELACIONES EXTERIORES,SI,(NO REGISTRA),(NO REGISTRA),18/09/2009,(NO REGISTRA),(NO REGISTRA),(NO REGISTRA),19/04/2012 15:20,17/07/2013 23:20
CONVENIO DE DONACION DEL OBJETIVO ESTRATEGICO NUMERO 514-009 PARA APOYO A PERSONAS INTERNAMENTE DESPLAZADAS Y OTROS GRUPOS VULNERABLES ENMIENDA NO. DOS ENTRE EL GOBIERNO DE LA REPUBLICA DE COLOMBIA Y EL GOBIERNO DE LOS ESTADOS UNIDOS DE AMERICA,SI,BOGOTA,19/07/2006,ESTADOS UNIDOS DE AMERICA,(NO REGISTRA),ACUERDO PROCEDIMIENTO SIMPLIFICADO,(NO REGISTRA),CAROLINA BARCO - MINISTRA DE RELACIONES EXTERIORES,SI,(NO REGISTRA),(NO REGISTRA),14/07/2006,(NO REGISTRA),(NO REGISTRA),(NO REGISTRA),19/04/2012 15:24,17/07/2013 23:20
CONVENIO DE DONACION DEL OBJETIVO ESTRATEGICO NO.514-007 PARA GOBERNABILIDAD DEMOCRATICA FORTALECIDA ENMIENDA NO.16 ENTRE EL GOBIERNO DE LA REPUBLICA DE COLOMBIA Y EL GOBIERNO DE LOS ESTADOS UNIDOS DE AMERICA,SI,BOGOTA,31/05/2010,ESTADOS UNIDOS DE AMERICA,(NO REGISTRA),ACUERDO PROCEDIMIENTO SIMPLIFICADO,(NO REGISTRA),JAIME BERMUDEZ MERISALDE MINISTRO DE RELACIONES EXTERIORES,SI,(NO REGISTRA),(NO REGISTRA),25/05/2010,(NO REGISTRA),(NO REGISTRA),(NO REGISTRA),19/04/2012 15:27,17/07/2013 23:20
CONVENIO DE DONACION DEL OBJETIVO ESTRATEGICO NUMERO 514-009 PARA APOYO A PERSONAS INTERNAMENTE DESPLAZADAS Y OTROS GRUPOS VULNERABLES ENMIENDA NO. TRES ENTRE EL GOBIERNO DE LA REPUBLICA DE COLOMBIA Y EL GOBIERNO DE LOS ESTADOS UNIDOS DE AMERICA,SI,BOGOTA,26/09/2007,ESTADOS UNIDOS DE AMERICA,(NO REGISTRA),ACUERDO PROCEDIMIENTO SIMPLIFICADO,(NO REGISTRA),CAMILO REYES RODRIGUEZ - VICEMINISTRO DE RELACIONES EXTERIORES,SI,(NO REGISTRA),(NO REGISTRA),26/09/2007,(NO REGISTRA),(NO REGISTRA),(NO REGISTRA),19/04/2012 15:30,17/07/2013 23:20
CONVENIO DE DONACION DEL OBJETIVO ESTRATEGICO NUMERO 514-009 PARA REINTEGRACION EXITOSA DE PERSONAS INTERNAMENTE DESPLAZADAS Y APOYO A OTROS GRUPOS VULNERABLES ENMIENDA NO. CUATRO ENTRE EL GOBIERNO DE LA REPUBLICA DE COLOMBIA Y EL GOBIERNO DE LOS ESTADOS UNIDOS DE AMERICA,SI,BOGOTA,22/01/2008,ESTADOS UNIDOS DE AMERICA,(NO REGISTRA),ACUERDO PROCEDIMIENTO SIMPLIFICADO,(NO REGISTRA),FERNANDO ARAUJO PERDOMO - MINISTRO DE RELACIONES EXTERIORES,SI,(NO REGISTRA),(NO REGISTRA),22/01/2008,(NO REGISTRA),(NO REGISTRA),(NO REGISTRA),19/04/2012 15:35,17/07/2013 23:20
CONVENIO DE DONACION DEL OBJETIVO ESTRATEGICO NUMERO 514-009 PARA REINTEGRACION EXITOSA DE PERSONAS INTERNAMENTE DESPLAZADAS Y APOYO APOYO A OTROS GRUPOS VULNERABLES ENMIENDA NO. CINCO ENTRE EL GOBIERNO DE LA REPUBLICA DE COLOMBIA Y EL GOBIERNO DE LOS ESTADOS UNIDOS DE AMERICA,SI,BOGOTA,10/03/2008,ESTADOS UNIDOS DE AMERICA,(NO REGISTRA),ACUERDO PROCEDIMIENTO SIMPLIFICADO,(NO REGISTRA),FERNANDO ARAUJO PERDOMO - MINISTRO DE RELACIONES EXTERIORES,SI,(NO REGISTRA),(NO REGISTRA),14/03/2008,(NO REGISTRA),(NO REGISTRA),(NO REGISTRA),19/04/2012 15:44,17/07/2013 23:20
CONVENIO DE DONACION DEL OBJETIVO ESTRATEGICO NUMERO 514-009 PARA REINTEGRACION EXITOSA DE PERSONAS INTERNAMENTE DESPLAZADAS Y APOYO A OTROS GRUPOS VULNERABLES ENMIENDA NO. SEIS ENTRE EL GOBIERNO DE LA REPUBLICA DE COLOMBIA Y EL GOBIERNO DE LOS ESTADOS UNIDOS DE AMERICA,SI,BOGOTA,6/05/2008,ESTADOS UNIDOS DE AMERICA,(NO REGISTRA),ACUERDO PROCEDIMIENTO SIMPLIFICADO,(NO REGISTRA),FERNANDO ARAUJO PERDOMO - MINISTRO DE RELACIONES EXTERIORES,SI,(NO REGISTRA),(NO REGISTRA),5/06/2008,(NO REGISTRA),(NO REGISTRA),(NO REGISTRA),19/04/2012 15:50,17/07/2013 23:20
ACUERDO DE TRANSFERENCIA DE TITULO DE PROPIEDAD ENTRE EL GOBIERNO DE LA REPUBLICA DE COLOMBIA Y EL GOBIERNO DE LOS ESTADOS UNIDOS DE AMERICA,SI,BOGOTA,7/12/2007,ESTADOS UNIDOS DE AMERICA,(NO REGISTRA),ACUERDO PROCEDIMIENTO SIMPLIFICADO,(NO REGISTRA),JUAN MANUEL SANTOS MINISTRO DE DEFENSA NACIONAL,SI,(NO REGISTRA),(NO REGISTRA),7/12/2007,(NO REGISTRA),(NO REGISTRA),(NO REGISTRA),19/04/2012 15:51,17/07/2013 23:20
"CANJE DE NOTAS QUE CONSTITUYE UN ACUERDO SOBRE """"LA MODIFICACION DE LOS TERMINOS ESTABLECIDOS EN EL CANJE DE NOTAS DEL 20 DE FEBRERO DE 2004 ENTRE EL COMANDO SUR DE LOS ESTADOS UNIDOS Y LAS FUERZAS MILITARES COLOMBIANAS CONCERNIENTES AL SUMINISTRO DE INFORMACION POR PARTE DE LOS ESTADOS UNIDOS A LAS FUERZAS MILITARES COLOMBIANAS POR MEDIO DEL SISTEMA DE INTERCAMBIO DE INFORMACION ENTRE LOS PAISES COOPERANTES (CNIES)CON EL FIN DE REALIZAR EL INTERCAMBIO DE INFORMACION-DATOS O ANALISIS QUE PUEDAN UTILIZARSE PARA LAS INTERCEPTACIONES AEREAS QUE SE HAYAN OBTENIDO CON AYUDA DEL GOBIERNO DE LOS ESTADOS UNIDOS",SI,BOGOTA,8/11/2006,ESTADOS UNIDOS DE AMERICA,(NO REGISTRA),ACUERDO PROCEDIMIENTO SIMPLIFICADO,(NO REGISTRA),ILEGIBLE,SI,(NO REGISTRA),(NO REGISTRA),8/11/2006,(NO REGISTRA),(NO REGISTRA),(NO REGISTRA),19/04/2012 15:58,17/07/2013 23:20
CONVENIO DE DONACION DEL OBJETIVO ESTRATEGICO NUMERO 514-009 PARA REINTEGRACION EXITOSA DE PERSONAS INTERNAMENTE DESPLAZADAS Y APOYO A OTROS GRUPOS VULNERABLES ENMIENDA NO. SIETE ENTRE EL GOBIERNO DE LA REPUBLICA DE COLOMBIA Y EL GOBIERNO DE LOS ESTADOS UNIDOS DE AMERICA,SI,BOGOTA,8/08/2008,ESTADOS UNIDOS DE AMERICA,(NO REGISTRA),ACUERDO PROCEDIMIENTO SIMPLIFICADO,(NO REGISTRA),JAIME BERMUDEZ MERIZALDE  - MINISTRO DE RELACIONES EXTERIORES,SI,(NO REGISTRA),(NO REGISTRA),8/08/2008,(NO REGISTRA),(NO REGISTRA),(NO REGISTRA),19/04/2012 16:09,17/07/2013 23:20
CONVENIO DE DONACION DEL OBJETIVO ESTRATEGICO NUMERO 514-009 PARA REINTEGRACION EXITOSA DE PERSONAS INTERNAMENTE DESPLAZADAS Y APOYO A OTROS GRUPOS VULNERABLES ENMIENDA OCHO ENTRE EL GOBIERNO DE LA REPUBLICA DE COLOMBIA Y EL GOBIERNO DE LOS ESTADOS UNIDOS DE AMERICA,SI,BOGOTA,6/08/2008,ESTADOS UNIDOS DE AMERICA,(NO REGISTRA),ACUERDO PROCEDIMIENTO SIMPLIFICADO,(NO REGISTRA),JAIME BERMUDEZ MERIZALDE MINISTRO DE RELACIONES EXTERIORES,SI,(NO REGISTRA),(NO REGISTRA),20/08/2008,(NO REGISTRA),(NO REGISTRA),(NO REGISTRA),19/04/2012 16:13,17/07/2013 23:20
CONVENIO DE DONACION DEL OBJETIVO ESTRATEGICO NUMERO 514-009 PARA LA ESTABILIZACION SOCIO-ECONOMICA EXITOSA DE PERSONAS INTERNAMENTE DESPLAZADAS Y OTROS GRUPOS VULNERABLES ENMIENDA NO. NUEVE ENTRE EL GOBIERNO DE LA REPUBLICA DE COLOMBIA Y EL GOBIERNO DE LOS ESTADOS UNIDOS DE AMERICA,SI,BOGOTA,30/09/2008,ESTADOS UNIDOS DE AMERICA,(NO REGISTRA),ACUERDO PROCEDIMIENTO SIMPLIFICADO,(NO REGISTRA),JAIME BERMUDEZ MERIZALDE - MINISTRO DE RELACIONES EXTERIORES,SI,(NO REGISTRA),(NO REGISTRA),30/09/2008,(NO REGISTRA),(NO REGISTRA),(NO REGISTRA),19/04/2012 16:19,17/07/2013 23:20
CONVENIO DE DONACION DEL OBJETIVO ESTRATEGICO NUMERO 514-009 PARA ESTABILIZACION SOCIO-ECONOMICA EXITOSA DE LAS PERSONAS INTERNAMENTE DESPLAZADAS Y APOYO A OTROS GRUPOS VULNERABLES ENMIENDA DIEZ ENTRE EL GOBIERNO DE LA REPUBLICA DE COLOMBIA Y EL GOBIERNO DE LOS ESTADOS UNIDOS DE AMERICA,SI,BOGOTA,30/09/2009,ESTADOS UNIDOS DE AMERICA,(NO REGISTRA),ACUERDO PROCEDIMIENTO SIMPLIFICADO,(NO REGISTRA),JAIME BERMUDEZ MERIZALDE MINISTRO DE RELACIONES EXTERIORES,SI,(NO REGISTRA),(NO REGISTRA),30/09/2009,(NO REGISTRA),(NO REGISTRA),(NO REGISTRA),19/04/2012 16:29,17/07/2013 23:20
CONVENIO DE DONACION DEL OBJETIVO ESTRATEGICO NUMERO 514-009 PARA ESTABILIZACION SOCIO-ECONOMICA EXITOSA DE LAS PERSONAS INTERNAMENTE DESPLAZADAS Y APOYO A OTROS GRUPOS VULNERABLES ENMIENDA NO. ONCE ENTRE EL GOBIERNO DE LA REPUBLICA DE COLOMBIA Y EL GOBIERNO DE LOS ESTADOS UNIDOS DE AMERICA,SI,BOGOTA,8/10/2010,ESTADOS UNIDOS DE AMERICA,(NO REGISTRA),ACUERDO PROCEDIMIENTO SIMPLIFICADO,(NO REGISTRA),JAIME BERMUDEZ MERIZALDE MINISTRA DE RELACIONES EXTERIORES,SI,(NO REGISTRA),(NO REGISTRA),10/08/2010,(NO REGISTRA),(NO REGISTRA),(NO REGISTRA),19/04/2012 16:42,17/07/2013 23:20
